date,open,high,low,close,adj_close,volume,score,w_subj,w_polar,w_comp
2023-03-01,250.759995,250.929993,245.789993,246.270004,245.732819,27565300.0,404.0,0.42779493999461,0.0594910513487246,0.0073950495049504
2023-03-02,246.550003,251.399994,245.610001,251.110001,250.562256,24808200.0,88.0,0.1872049499322226,0.0718231011412829,0.1206704545454545
2023-03-03,252.190002,255.619995,251.389999,255.289993,254.733124,30760100.0,47.0,0.491812050416556,0.1638648727275135,0.8563255319148937
2023-03-04,252.190002,255.619995,251.389999,255.289993,254.733124,30760100.0,527.0,0.5072010255715189,-0.016557671455679,-0.2849462998102466
2023-03-05,252.190002,255.619995,251.389999,255.289993,254.733124,30760100.0,4341.0,0.3090569228467574,0.0213471744173706,0.2191501727712508
2023-03-06,256.429993,260.119995,255.979996,256.869995,256.309692,24109800.0,38.0,0.4281144148249411,0.0277190609098503,0.4396315789473684
2023-03-07,256.299988,257.690002,253.389999,254.149994,253.595612,21473200.0,8360.0,0.4472129813677676,0.0513720940223002,0.394472523923445
2023-03-08,254.039993,254.539993,250.809998,253.699997,253.146606,17340200.0,271.0,0.3258174861930243,0.0888265890099377,0.0846553505535055
2023-03-09,255.820007,259.559998,251.580002,252.320007,251.769623,26653400.0,12.0,0.6307539682539683,0.2531746031746032,0.2756833333333333
2023-03-10,251.080002,252.789993,247.600006,248.589996,248.047745,28333900.0,149.0,0.3845548709589283,0.0901267402518165,0.3229409395973154
2023-03-11,251.080002,252.789993,247.600006,248.589996,248.047745,28333900.0,4.0,0.3,-0.2,0.0
2023-03-12,251.080002,252.789993,247.600006,248.589996,248.047745,28333900.0,20.0,0.5930211038961039,0.2770319264069264,0.6740700000000001
2023-03-13,247.399994,257.910004,245.729996,253.919998,253.366119,33339700.0,712.0,0.3184510338057466,0.0914246458101015,-0.1491875
2023-03-14,256.75,261.070007,255.860001,260.790009,260.221161,33620300.0,6.0,0.4150793650793651,0.2539682539682539,0.5514
2023-03-15,259.980011,266.480011,259.209991,265.440002,264.860992,46028000.0,18.0,0.515895061728395,0.0751543209876543,0.0579555555555555
2023-03-16,265.209991,276.559998,263.279999,276.200012,275.597534,54768800.0,109.0,0.4276821997054281,0.0877468812663034,0.9629697247706424
2023-03-17,278.26001,283.329987,276.320007,279.429993,278.820465,69527400.0,170.0,0.2836020852785558,0.1323951914098972,0.2159464705882353
2023-03-18,278.26001,283.329987,276.320007,279.429993,278.820465,69527400.0,170.0,0.2836020852785558,0.1323951914098972,0.2159464705882353
2023-03-19,278.26001,283.329987,276.320007,279.429993,278.820465,69527400.0,170.0,0.2836020852785558,0.1323951914098972,0.2159464705882353
2023-03-20,276.980011,277.480011,269.850006,272.230011,271.6362,43466600.0,6.0,0.0,0.0,0.0
2023-03-21,274.880005,275.0,269.519989,273.779999,273.1828,34558700.0,27.0,0.5026250296523201,0.2840860897098713,0.7034407407407407
2023-03-22,273.399994,281.040009,272.179993,272.290009,271.696075,34873300.0,196.0,0.4608493604306287,0.2809612724496106,0.5293295918367347
2023-03-23,277.940002,281.059998,275.200012,277.660004,277.054352,36610900.0,180.0,0.3539896945646946,0.0784098845598845,0.395595
2023-03-24,277.23999,280.630005,275.279999,280.570007,279.958008,28172000.0,545.0,0.2201949541284403,0.1148853211009174,0.0114396330275229
2023-03-25,277.23999,280.630005,275.279999,280.570007,279.958008,28172000.0,463.0,0.2741439902494875,0.0172159478942364,0.3328397408207343
2023-03-26,277.23999,280.630005,275.279999,280.570007,279.958008,28172000.0,2.0,0.3,0.2,0.0
2023-03-27,280.5,281.459991,275.519989,276.380005,275.77713,26840200.0,4.0,0.0,0.0,0.3818
2023-03-28,275.790009,276.140015,272.049988,275.230011,274.629669,21878600.0,1939.0,0.3077251714582539,0.0406224634558416,0.4470332645693656
2023-03-29,278.959991,281.140015,278.410004,280.51001,279.898132,25087000.0,4641.0,0.3595204813734558,0.1324725411225501,0.2635339151045033
2023-03-30,284.230011,284.459991,281.480011,284.049988,283.430389,25053400.0,408.0,0.3377101157786042,0.0058337630981136,0.1837855392156863
2023-03-31,283.730011,289.269989,283.0,288.299988,287.671112,32766000.0,245.0,0.4361776006630233,0.1754770234624462,0.3563755102040816
2023-04-01,283.730011,289.269989,283.0,288.299988,287.671112,32766000.0,2.0,1.0,0.5,0.4588
2023-04-02,283.730011,289.269989,283.0,288.299988,287.671112,32766000.0,203.0,0.283682491564265,0.0365804146592323,-0.0410261083743842
2023-04-03,286.519989,288.269989,283.950012,287.230011,286.603485,24883300.0,2.0,0.0,0.0,0.0
2023-04-04,287.230011,290.450012,285.670013,287.179993,286.553558,25824300.0,157.0,-0.0145981195025781,0.0755422178670586,0.2063044585987261
2023-04-05,285.850006,287.149994,282.920013,284.339996,283.719757,22064800.0,1289.0,0.4609583106963194,0.1009206786015916,0.4297685802948021
2023-04-06,283.209991,292.079987,282.029999,291.600006,290.963928,29770300.0,206.0,0.4783089153542355,0.1534162070144676,0.4166645631067961
2023-04-07,283.209991,292.079987,282.029999,291.600006,290.963928,29770300.0,592.0,0.4871328129017861,0.0125699491782081,0.1472277027027027
2023-04-08,283.209991,292.079987,282.029999,291.600006,290.963928,29770300.0,13325.0,0.4222145434927798,0.0232087029067798,0.2959189493433395
2023-04-09,283.209991,292.079987,282.029999,291.600006,290.963928,29770300.0,600.0,0.3914142366340475,0.0555902872129108,0.1561841666666666
2023-04-10,289.209991,289.600006,284.709991,289.390015,288.758759,23103000.0,11105.0,0.392423641004052,0.0082524795378041,-0.0300893651508329
2023-04-11,285.75,285.980011,281.640015,282.829987,282.213043,27276600.0,561.0,0.3593137027254674,0.1240211506829153,0.1776354723707665
2023-04-12,284.790009,287.01001,281.959991,283.48999,282.871613,27403400.0,14.0,0.2649319727891157,0.1081632653061224,0.1869
2023-04-13,283.589996,289.899994,283.170013,289.839996,289.207764,24222700.0,14.0,0.2649319727891157,0.1081632653061224,0.1869
2023-04-14,287.0,288.480011,283.690002,286.140015,285.515869,20987900.0,75.0,0.4402797498797499,0.0629179172679172,-0.3666533333333333
2023-04-15,287.0,288.480011,283.690002,286.140015,285.515869,20987900.0,2361.0,0.268166196009271,0.004887580535611,0.0148696738670055
2023-04-16,287.0,288.480011,283.690002,286.140015,285.515869,20987900.0,59.0,0.3567999914398219,0.1434951206985105,0.2526779661016949
2023-04-17,289.929993,291.600006,286.160004,288.799988,288.170044,23836200.0,18403.0,0.3589795788847856,-0.0046803615303983,-0.1399901755148616
2023-04-18,291.570007,291.76001,287.01001,288.369995,287.740967,20161800.0,8885.0,0.5053408600717689,-0.0576060497748799,0.092216961170512
2023-04-19,285.98999,289.049988,284.540009,288.450012,287.820831,17150300.0,333.0,0.3474956947774408,0.0188119172047743,0.0086855855855855
2023-04-20,285.25,289.029999,285.079987,286.109985,285.485901,23244400.0,14.0,0.4306863459669582,0.243824101068999,0.5945571428571429
2023-04-21,285.01001,286.269989,283.059998,285.76001,285.136688,21676400.0,87.0,0.4171800895558501,0.1149931703785659,0.6258919540229886
2023-04-22,285.01001,286.269989,283.059998,285.76001,285.136688,21676400.0,28.0,0.4318424106239232,0.0748420696950108,0.3887214285714285
2023-04-23,285.01001,286.269989,283.059998,285.76001,285.136688,21676400.0,2.0,0.0,0.0,0.0
2023-04-24,282.089996,284.950012,278.720001,281.769989,281.155365,26611000.0,52.0,0.4064008739176711,0.0902574092030279,-0.2954576923076923
2023-04-25,279.51001,281.600006,275.369995,275.420013,274.819244,45772200.0,7348.0,0.2280757030938056,0.0620042027961706,0.2561867446924333
2023-04-26,296.700012,299.570007,292.730011,295.369995,294.725708,64599200.0,1022.0,0.3999216214223552,0.1293823290031704,0.3192227005870842
2023-04-27,295.970001,305.200012,295.25,304.829987,304.16507,46462600.0,6.0,0.6117857142857144,0.0534523809523809,0.1964
2023-04-28,304.01001,308.929993,303.309998,307.26001,306.589783,36446700.0,2.0,0.0,0.0,0.0
2023-04-29,304.01001,308.929993,303.309998,307.26001,306.589783,36446700.0,2.0,0.0,0.0,0.0
2023-04-30,304.01001,308.929993,303.309998,307.26001,306.589783,36446700.0,2.0,0.0,0.0,0.0
2023-05-01,306.970001,308.600006,305.149994,305.559998,304.893494,21294100.0,22.0,0.4148589065255731,0.1274014951098284,0.99
2023-05-02,307.76001,309.179993,303.910004,305.410004,304.743805,26404400.0,584.0,0.3337704807950578,0.0162714880472736,0.3472481164383562
2023-05-03,306.619995,308.609985,304.089996,304.399994,303.736023,22360800.0,54.0,0.3736231602697465,0.143495917291098,0.3035888888888888
2023-05-04,306.23999,307.76001,303.399994,305.410004,304.743805,22519900.0,67.0,0.447973097475585,0.1786622443338861,0.3303358208955224
2023-05-05,305.720001,311.970001,304.269989,310.649994,309.972382,28181200.0,2.0,0.0,0.0,0.0
2023-05-06,305.720001,311.970001,304.269989,310.649994,309.972382,28181200.0,3295.0,0.4649996477074285,-0.0857186643866417,0.1277909256449165
2023-05-07,305.720001,311.970001,304.269989,310.649994,309.972382,28181200.0,32.0,0.2520957341269841,0.0653273809523809,0.3011875
2023-05-08,310.130005,310.200012,306.089996,308.649994,307.976746,21318600.0,1297.0,0.304763568178354,0.0999673429515898,0.2700380878951426
2023-05-09,308.0,310.040009,306.309998,307.0,306.330353,21340800.0,18095.0,0.3448441046039835,0.1420870113337689,0.2691279745786128
2023-05-10,308.619995,313.0,307.670013,312.309998,311.628754,30078000.0,9889.0,0.319717190528673,0.1009137057816398,0.3795230053594903
2023-05-11,310.100006,311.119995,306.26001,310.109985,309.433533,31680200.0,1335.0,0.4166726724706182,0.0597205795705465,0.2421383520599251
2023-05-12,310.549988,310.649994,306.600006,308.970001,308.296051,19758100.0,1728.0,0.3338029950108726,0.0844784116691885,0.0791951388888889
2023-05-13,310.549988,310.649994,306.600006,308.970001,308.296051,19758100.0,117.0,0.2663237679428155,0.0921442939776273,0.1815042735042735
2023-05-14,310.549988,310.649994,306.600006,308.970001,308.296051,19758100.0,12.0,0.6583333333333333,0.1666666666666667,0.7127833333333333
2023-05-15,309.100006,309.899994,307.589996,309.459991,308.784973,16336500.0,6.0,0.0166666666666666,0.0,0.0
2023-05-16,309.829987,313.709991,309.829987,311.73999,311.059998,26730300.0,938.0,0.5949345273563468,0.0630605129885513,0.1556468017057569
2023-05-17,312.290009,314.429993,310.73999,314.0,314.0,24315000.0,536.0,0.3547292273759037,0.0287397748661468,0.3211348880597015
2023-05-18,314.529999,319.040009,313.720001,318.519989,318.519989,27276000.0,71.0,0.3396549287409601,0.0048500826652449,0.4804042253521126
2023-05-19,316.73999,318.75,316.369995,318.339996,318.339996,27529500.0,37.0,0.3197179054054054,0.0113125,0.6537918918918919
2023-05-20,316.73999,318.75,316.369995,318.339996,318.339996,27529500.0,318.0,0.4338548787573945,0.1260736337969042,0.4653040880503145
2023-05-21,316.73999,318.75,316.369995,318.339996,318.339996,27529500.0,244.0,0.5933035371899695,0.1518955089225796,0.1808967213114753
2023-05-22,318.600006,322.589996,318.01001,321.179993,321.179993,24115700.0,49.0,0.4248453927025355,0.0875154607297464,0.0910734693877551
2023-05-23,320.029999,322.720001,315.25,315.26001,315.26001,30797200.0,207.0,0.215878135451505,0.0820475891861761,0.4212487922705313
2023-05-24,314.730011,316.5,312.609985,313.850006,313.850006,23384900.0,299.0,0.4860892532625703,0.0340723881017501,0.3114013377926421
2023-05-25,323.23999,326.899994,320.0,325.920013,325.920013,43301700.0,10224.0,0.4320164863625878,0.0771919666634667,0.6692916666666667
2023-05-26,324.019989,333.399994,323.880005,332.890015,332.890015,36630600.0,9291.0,0.5560659187462001,-0.1222700049637483,0.0841027123022279
2023-05-27,324.019989,333.399994,323.880005,332.890015,332.890015,36630600.0,180.0,0.3331078761156539,0.0470700032066698,0.1247588888888888
2023-05-28,324.019989,333.399994,323.880005,332.890015,332.890015,36630600.0,530.0,0.2983265683711228,0.0978942857560688,0.3416243396226415
2023-05-29,324.019989,333.399994,323.880005,332.890015,332.890015,36630600.0,44.0,0.1018614718614718,0.1862175324675324,0.3757522727272727
2023-05-30,335.230011,335.73999,330.519989,331.209991,331.209991,29503100.0,12373.0,0.4769786932688738,0.1704518947810901,0.5466919582962902
2023-05-31,332.290009,335.940002,327.329987,328.390015,328.390015,45950600.0,2813.0,0.3837719922886577,0.0568771220835616,0.1800647707074298
2023-06-01,325.929993,333.529999,324.720001,332.579987,332.579987,26773900.0,183.0,0.5028429474124474,0.0561269356700644,0.2692464480874317
2023-06-02,334.25,337.5,332.549988,335.399994,335.399994,25864000.0,444.0,0.4057196451903337,0.0792009859541579,0.541461036036036
2023-06-03,334.25,337.5,332.549988,335.399994,335.399994,25864000.0,8533.0,0.4019899484665024,0.0050428172344974,-0.2253225360365639
2023-06-04,334.25,337.5,332.549988,335.399994,335.399994,25864000.0,223.0,0.3644557119551781,0.0734831483438145,0.0191547085201793
2023-06-05,335.220001,338.559998,334.660004,335.940002,335.940002,21307100.0,60.0,0.3523917748917748,0.5119246031746032,1.0708716666666664
2023-06-06,335.329987,335.369995,332.170013,333.679993,333.679993,20396200.0,2312.0,0.4223282421161454,0.1129267740162624,0.6786745674740485
2023-06-07,331.649994,334.48999,322.5,323.380005,323.380005,40717100.0,3206.0,0.2430617509034773,0.0769241033329948,0.2014919837804117
2023-06-08,323.940002,326.640015,323.350006,325.26001,325.26001,23277700.0,30.0,0.2487782106782106,-0.0170012987012987,0.06834
2023-06-09,324.98999,329.98999,324.410004,326.790009,326.790009,22514900.0,13103.0,0.4467454518324903,0.0117789948388625,0.0924986720598336
2023-06-10,324.98999,329.98999,324.410004,326.790009,326.790009,22514900.0,3425.0,0.2583915595796634,0.0154444677204801,0.328105401459854
2023-06-11,324.98999,329.98999,324.410004,326.790009,326.790009,22514900.0,11987.0,0.2948167996374958,0.066243490006831,0.2254212897305414
2023-06-12,328.579987,332.100006,325.160004,331.850006,331.850006,24260300.0,1042.0,0.41172625154255,0.0688186000385709,0.2127896353166986
2023-06-13,334.470001,336.980011,330.390015,334.290009,334.290009,22951300.0,169.0,0.3951891843609851,0.0805739347589374,0.4028597633136095
2023-06-14,334.339996,339.040009,332.809998,337.339996,337.339996,26003800.0,8719.0,0.4484724987855856,0.129366535555764,0.1780621974997132
2023-06-15,337.480011,349.839996,337.200012,348.100006,348.100006,38899100.0,1076.0,0.4289832408967236,0.154905190578681,0.3506864312267658
2023-06-16,351.320007,351.470001,341.950012,342.329987,342.329987,46533600.0,4946.0,0.3558502456526842,0.098787789770082,0.4385373837444399
2023-06-17,351.320007,351.470001,341.950012,342.329987,342.329987,46533600.0,121.0,0.3923214905533305,0.1810641915959445,0.4413314049586777
2023-06-18,351.320007,351.470001,341.950012,342.329987,342.329987,46533600.0,5202.0,0.4475186251829454,0.0901848130704608,0.3405370818915802
2023-06-19,351.320007,351.470001,341.950012,342.329987,342.329987,46533600.0,5040.0,0.5678131713062269,0.1407300694050446,0.0668791666666666
2023-06-20,339.309998,342.079987,335.859985,338.049988,338.049988,26375400.0,91.0,0.4107126141097693,0.0685364698223351,0.5047417582417583
2023-06-21,336.369995,337.730011,332.070007,333.559998,333.559998,25117800.0,20.0,0.3637878787878787,0.1403030303030303,0.13043
2023-06-22,334.119995,340.119995,333.339996,339.709991,339.709991,23556800.0,75.0,0.4787786736411736,0.1911876803751803,0.4767106666666666
2023-06-23,334.359985,337.959991,333.450012,335.019989,335.019989,23084700.0,14.0,0.0,0.0,0.0326428571428571
2023-06-24,334.359985,337.959991,333.450012,335.019989,335.019989,23084700.0,381.0,0.297554096115472,0.0825532590415401,0.5033656167979003
2023-06-25,334.359985,337.959991,333.450012,335.019989,335.019989,23084700.0,83.0,0.3252318637568207,0.0937344281268549,0.3629313253012048
2023-06-26,333.720001,336.109985,328.48999,328.600006,328.600006,21520600.0,5.0,0.5178513708513709,0.2531139971139971,0.7952
2023-06-27,331.859985,336.149994,329.299988,334.570007,334.570007,24354100.0,30.0,0.3033809523809524,0.0993492063492063,0.5153833333333333
2023-06-28,334.660004,337.980011,333.809998,335.850006,335.850006,20259500.0,737.0,0.3912004746476664,0.0171568084235873,-0.0355664857530529
2023-06-29,334.709991,336.109985,332.619995,335.049988,335.049988,16997000.0,23.0,0.4714838603425559,0.1700592885375494,0.0655130434782608
2023-06-30,337.75,342.730011,337.200012,340.540009,340.540009,26823800.0,5.0,0.5266666666666666,-0.1853333333333332,0.7183200000000001
2023-07-01,337.75,342.730011,337.200012,340.540009,340.540009,26823800.0,1.0,0.6,-0.4,-0.765
